,program,flags,runtime
0,determined_forwarding_safe,,323.263131
1,determined_forwarding_safe,,41.571408
2,determined_forwarding_safe,,41.449488
3,determined_forwarding_safe,,43.920962
4,determined_forwarding_safe,,41.543048
5,determined_forwarding_safe,,44.714440
6,determined_forwarding_safe,,41.024530
7,determined_forwarding_safe,,41.404009
8,determined_forwarding_safe,,41.268508
9,determined_forwarding_safe,,40.971460
10,determined_forwarding_safe,,46.945904
11,determined_forwarding_safe,,41.916697
12,determined_forwarding_safe,,42.202205
13,determined_forwarding_safe,,41.603227
14,determined_forwarding_safe,,41.107799
15,determined_forwarding_safe,,41.384692
16,determined_forwarding_safe,,41.423420
17,determined_forwarding_safe,,41.285391
18,determined_forwarding_safe,,42.159110
19,determined_forwarding_safe,,41.129541
20,determined_forwarding_safe,-f,41.225181
21,determined_forwarding_safe,-f,41.212761
22,determined_forwarding_safe,-f,43.886554
23,determined_forwarding_safe,-f,41.691850
24,determined_forwarding_safe,-f,41.195891
25,determined_forwarding_safe,-f,41.749069
26,determined_forwarding_safe,-f,41.491430
27,determined_forwarding_safe,-f,41.817609
28,determined_forwarding_safe,-f,41.414211
29,determined_forwarding_safe,-f,41.452310
30,determined_forwarding_safe,-f,41.652419
31,determined_forwarding_safe,-f,41.324670
32,determined_forwarding_safe,-f,41.424640
33,determined_forwarding_safe,-f,41.872350
34,determined_forwarding_safe,-f,41.174281
35,determined_forwarding_safe,-f,41.665469
36,determined_forwarding_safe,-f,41.882129
37,determined_forwarding_safe,-f,41.831431
38,determined_forwarding_safe,-f,41.722292
39,determined_forwarding_safe,-f,41.225224
40,determined_forwarding_safe,-i,41.766551
41,determined_forwarding_safe,-i,41.124873
42,determined_forwarding_safe,-i,41.686381
43,determined_forwarding_safe,-i,41.590262
44,determined_forwarding_safe,-i,41.831243
45,determined_forwarding_safe,-i,41.131243
46,determined_forwarding_safe,-i,41.763542
47,determined_forwarding_safe,-i,41.756261
48,determined_forwarding_safe,-i,43.969465
49,determined_forwarding_safe,-i,41.077892
50,determined_forwarding_safe,-i,41.525231
51,determined_forwarding_safe,-i,41.778472
52,determined_forwarding_safe,-i,41.347212
53,determined_forwarding_safe,-i,41.397572
54,determined_forwarding_safe,-i,41.919240
55,determined_forwarding_safe,-i,44.885043
56,determined_forwarding_safe,-i,41.100873
57,determined_forwarding_safe,-i,41.829721
58,determined_forwarding_safe,-i,41.555784
59,determined_forwarding_safe,-i,41.458764
60,determined_forwarding_safe,-n,41.290114
61,determined_forwarding_safe,-n,41.570895
62,determined_forwarding_safe,-n,41.747062
63,determined_forwarding_safe,-n,41.249294
64,determined_forwarding_safe,-n,41.409914
65,determined_forwarding_safe,-n,41.604483
66,determined_forwarding_safe,-n,41.838294
67,determined_forwarding_safe,-n,41.511043
68,determined_forwarding_safe,-n,41.915633
69,determined_forwarding_safe,-n,41.590163
70,determined_forwarding_safe,-n,41.150115
71,determined_forwarding_safe,-n,41.078976
72,determined_forwarding_safe,-n,41.926792
73,determined_forwarding_safe,-n,41.729003
74,determined_forwarding_safe,-n,41.694304
75,determined_forwarding_safe,-n,41.582743
76,determined_forwarding_safe,-n,42.115413
77,determined_forwarding_safe,-n,41.468304
78,determined_forwarding_safe,-n,41.859653
79,determined_forwarding_safe,-n,41.642306
80,determined_forwarding_safe,-d,28.968413
81,determined_forwarding_safe,-d,28.931245
82,determined_forwarding_safe,-d,28.943775
83,determined_forwarding_safe,-d,28.874335
84,determined_forwarding_safe,-d,30.986470
85,determined_forwarding_safe,-d,28.718375
86,determined_forwarding_safe,-d,31.859737
87,determined_forwarding_safe,-d,28.983754
88,determined_forwarding_safe,-d,31.579988
89,determined_forwarding_safe,-d,29.200532
90,determined_forwarding_safe,-d,31.556938
91,determined_forwarding_safe,-d,28.842714
92,determined_forwarding_safe,-d,31.006419
93,determined_forwarding_safe,-d,28.853444
94,determined_forwarding_safe,-d,28.999885
95,determined_forwarding_safe,-d,28.880185
96,determined_forwarding_safe,-d,28.758355
97,determined_forwarding_safe,-d,28.875824
98,determined_forwarding_safe,-d,29.500813
99,determined_forwarding_safe,-d,28.504874
100,determined_forwarding_safe,-f -i -n -d,28.828945
101,determined_forwarding_safe,-f -i -n -d,28.981975
102,determined_forwarding_safe,-f -i -n -d,31.002299
103,determined_forwarding_safe,-f -i -n -d,28.960155
104,determined_forwarding_safe,-f -i -n -d,28.991804
105,determined_forwarding_safe,-f -i -n -d,29.166194
106,determined_forwarding_safe,-f -i -n -d,29.051054
107,determined_forwarding_safe,-f -i -n -d,29.087243
108,determined_forwarding_safe,-f -i -n -d,29.209234
109,determined_forwarding_safe,-f -i -n -d,28.865126
110,determined_forwarding_safe,-f -i -n -d,28.946506
111,determined_forwarding_safe,-f -i -n -d,28.936215
112,determined_forwarding_safe,-f -i -n -d,29.117345
113,determined_forwarding_safe,-f -i -n -d,29.075695
114,determined_forwarding_safe,-f -i -n -d,28.795707
115,determined_forwarding_safe,-f -i -n -d,28.865736
116,determined_forwarding_safe,-f -i -n -d,29.057755
117,determined_forwarding_safe,-f -i -n -d,28.732646
118,determined_forwarding_safe,-f -i -n -d,29.627524
119,determined_forwarding_safe,-f -i -n -d,29.260294
120,determined_forwarding_unsafe,,385.042772
121,determined_forwarding_unsafe,,249.651756
122,determined_forwarding_unsafe,,244.960603
123,determined_forwarding_unsafe,,246.186792
124,determined_forwarding_unsafe,,245.220314
125,determined_forwarding_unsafe,,248.912917
126,determined_forwarding_unsafe,,246.797640
127,determined_forwarding_unsafe,,258.329855
128,determined_forwarding_unsafe,,248.824195
129,determined_forwarding_unsafe,,246.269444
130,determined_forwarding_unsafe,,254.181594
131,determined_forwarding_unsafe,,248.192666
132,determined_forwarding_unsafe,,247.285038
133,determined_forwarding_unsafe,,247.230653
134,determined_forwarding_unsafe,,255.036472
135,determined_forwarding_unsafe,,245.850602
136,determined_forwarding_unsafe,,248.108956
137,determined_forwarding_unsafe,,246.325174
138,determined_forwarding_unsafe,,247.634446
139,determined_forwarding_unsafe,,247.502555
140,determined_forwarding_unsafe,-f,247.835076
141,determined_forwarding_unsafe,-f,247.967493
142,determined_forwarding_unsafe,-f,245.817988
143,determined_forwarding_unsafe,-f,247.080387
144,determined_forwarding_unsafe,-f,249.906761
145,determined_forwarding_unsafe,-f,247.754029
146,determined_forwarding_unsafe,-f,248.200213
147,determined_forwarding_unsafe,-f,251.900037
148,determined_forwarding_unsafe,-f,248.128432
149,determined_forwarding_unsafe,-f,253.507329
150,determined_forwarding_unsafe,-f,251.161416
151,determined_forwarding_unsafe,-f,246.967624
152,determined_forwarding_unsafe,-f,247.149793
153,determined_forwarding_unsafe,-f,250.698103
154,determined_forwarding_unsafe,-f,249.246898
155,determined_forwarding_unsafe,-f,249.766587
156,determined_forwarding_unsafe,-f,246.763341
157,determined_forwarding_unsafe,-f,256.694300
158,determined_forwarding_unsafe,-f,263.650348
159,determined_forwarding_unsafe,-f,251.172201
160,determined_forwarding_unsafe,-i,253.648057
161,determined_forwarding_unsafe,-i,252.473457
162,determined_forwarding_unsafe,-i,246.870677
163,determined_forwarding_unsafe,-i,246.516958
164,determined_forwarding_unsafe,-i,246.539157
165,determined_forwarding_unsafe,-i,246.475895
166,determined_forwarding_unsafe,-i,248.539240
167,determined_forwarding_unsafe,-i,249.202200
168,determined_forwarding_unsafe,-i,250.307730
169,determined_forwarding_unsafe,-i,246.952911
170,determined_forwarding_unsafe,-i,247.679380
171,determined_forwarding_unsafe,-i,247.248050
172,determined_forwarding_unsafe,-i,247.046522
173,determined_forwarding_unsafe,-i,250.260903
174,determined_forwarding_unsafe,-i,250.784421
175,determined_forwarding_unsafe,-i,251.755649
176,determined_forwarding_unsafe,-i,248.224318
177,determined_forwarding_unsafe,-i,247.760602
178,determined_forwarding_unsafe,-i,256.511339
179,determined_forwarding_unsafe,-i,248.238252
180,determined_forwarding_unsafe,-n,246.865426
181,determined_forwarding_unsafe,-n,248.152829
182,determined_forwarding_unsafe,-n,254.175250
183,determined_forwarding_unsafe,-n,248.275249
184,determined_forwarding_unsafe,-n,249.195010
185,determined_forwarding_unsafe,-n,261.789013
186,determined_forwarding_unsafe,-n,249.324283
187,determined_forwarding_unsafe,-n,251.397430
188,determined_forwarding_unsafe,-n,251.124824
189,determined_forwarding_unsafe,-n,250.632278
190,determined_forwarding_unsafe,-n,251.269287
191,determined_forwarding_unsafe,-n,248.655321
192,determined_forwarding_unsafe,-n,248.814264
193,determined_forwarding_unsafe,-n,248.353987
194,determined_forwarding_unsafe,-n,250.308493
195,determined_forwarding_unsafe,-n,255.648906
196,determined_forwarding_unsafe,-n,253.100865
197,determined_forwarding_unsafe,-n,248.653972
198,determined_forwarding_unsafe,-n,250.712679
199,determined_forwarding_unsafe,-n,248.490192
200,determined_forwarding_unsafe,-d,31.900299
201,determined_forwarding_unsafe,-d,29.247993
202,determined_forwarding_unsafe,-d,31.119392
203,determined_forwarding_unsafe,-d,28.863575
204,determined_forwarding_unsafe,-d,28.985954
205,determined_forwarding_unsafe,-d,28.735395
206,determined_forwarding_unsafe,-d,28.810574
207,determined_forwarding_unsafe,-d,28.922465
208,determined_forwarding_unsafe,-d,29.025513
209,determined_forwarding_unsafe,-d,28.923915
210,determined_forwarding_unsafe,-d,29.010254
211,determined_forwarding_unsafe,-d,28.908763
212,determined_forwarding_unsafe,-d,28.982325
213,determined_forwarding_unsafe,-d,29.189343
214,determined_forwarding_unsafe,-d,29.302724
215,determined_forwarding_unsafe,-d,29.268923
216,determined_forwarding_unsafe,-d,29.129174
217,determined_forwarding_unsafe,-d,28.849994
218,determined_forwarding_unsafe,-d,29.027443
219,determined_forwarding_unsafe,-d,31.760461
220,determined_forwarding_unsafe,-f -i -n -d,29.060003
221,determined_forwarding_unsafe,-f -i -n -d,29.032885
222,determined_forwarding_unsafe,-f -i -n -d,29.021513
223,determined_forwarding_unsafe,-f -i -n -d,29.209805
224,determined_forwarding_unsafe,-f -i -n -d,28.974464
225,determined_forwarding_unsafe,-f -i -n -d,28.948673
226,determined_forwarding_unsafe,-f -i -n -d,29.202875
227,determined_forwarding_unsafe,-f -i -n -d,28.807223
228,determined_forwarding_unsafe,-f -i -n -d,31.425702
229,determined_forwarding_unsafe,-f -i -n -d,29.015793
230,determined_forwarding_unsafe,-f -i -n -d,28.907455
231,determined_forwarding_unsafe,-f -i -n -d,28.823096
232,determined_forwarding_unsafe,-f -i -n -d,28.978235
233,determined_forwarding_unsafe,-f -i -n -d,29.044555
234,determined_forwarding_unsafe,-f -i -n -d,29.474604
235,determined_forwarding_unsafe,-f -i -n -d,29.036013
236,determined_forwarding_unsafe,-f -i -n -d,28.917345
237,determined_forwarding_unsafe,-f -i -n -d,28.832336
238,determined_forwarding_unsafe,-f -i -n -d,29.154125
239,determined_forwarding_unsafe,-f -i -n -d,29.006175
240,header_dependency_safe,,800.297348
241,header_dependency_safe,,763.144037
242,header_dependency_safe,,737.431831
243,header_dependency_safe,,742.050773
244,header_dependency_safe,,741.099444
245,header_dependency_safe,,739.667256
246,header_dependency_safe,,746.652967
247,header_dependency_safe,,778.094700
248,header_dependency_safe,,768.890123
249,header_dependency_safe,,745.789956
250,header_dependency_safe,,739.702577
251,header_dependency_safe,,752.699885
252,header_dependency_safe,,750.507228
253,header_dependency_safe,,748.275070
254,header_dependency_safe,,742.095649
255,header_dependency_safe,,748.063048
256,header_dependency_safe,,750.245602
257,header_dependency_safe,,745.147437
258,header_dependency_safe,,742.556310
259,header_dependency_safe,,737.813603
260,header_dependency_safe,-f,772.810353
261,header_dependency_safe,-f,747.738424
262,header_dependency_safe,-f,744.506216
263,header_dependency_safe,-f,749.821726
264,header_dependency_safe,-f,744.998318
265,header_dependency_safe,-f,743.299835
266,header_dependency_safe,-f,744.363171
267,header_dependency_safe,-f,744.868016
268,header_dependency_safe,-f,785.306963
269,header_dependency_safe,-f,742.971101
270,header_dependency_safe,-f,750.366380
271,header_dependency_safe,-f,740.765167
272,header_dependency_safe,-f,739.647252
273,header_dependency_safe,-f,744.311361
274,header_dependency_safe,-f,741.384521
275,header_dependency_safe,-f,743.769304
276,header_dependency_safe,-f,738.536384
277,header_dependency_safe,-f,745.510301
278,header_dependency_safe,-f,740.729161
279,header_dependency_safe,-f,746.638990
280,header_dependency_safe,-i,745.070725
281,header_dependency_safe,-i,749.322464
282,header_dependency_safe,-i,745.051076
283,header_dependency_safe,-i,778.347811
284,header_dependency_safe,-i,748.979099
285,header_dependency_safe,-i,743.493567
286,header_dependency_safe,-i,748.039169
287,header_dependency_safe,-i,742.424607
288,header_dependency_safe,-i,743.881781
289,header_dependency_safe,-i,748.655409
290,header_dependency_safe,-i,741.510391
291,header_dependency_safe,-i,745.985647
292,header_dependency_safe,-i,740.914279
293,header_dependency_safe,-i,750.568869
294,header_dependency_safe,-i,781.171209
295,header_dependency_safe,-i,749.324708
296,header_dependency_safe,-i,741.709621
297,header_dependency_safe,-i,745.948438
298,header_dependency_safe,-i,750.082427
299,header_dependency_safe,-i,747.085023
300,header_dependency_safe,-n,285.416210
301,header_dependency_safe,-n,285.997509
302,header_dependency_safe,-n,284.081563
303,header_dependency_safe,-n,301.377524
304,header_dependency_safe,-n,286.837740
305,header_dependency_safe,-n,286.075521
306,header_dependency_safe,-n,289.261809
307,header_dependency_safe,-n,287.408329
308,header_dependency_safe,-n,293.194146
309,header_dependency_safe,-n,287.568451
310,header_dependency_safe,-n,288.876830
311,header_dependency_safe,-n,290.757867
312,header_dependency_safe,-n,289.382731
313,header_dependency_safe,-n,286.942993
314,header_dependency_safe,-n,287.852162
315,header_dependency_safe,-n,304.824766
316,header_dependency_safe,-n,286.408616
317,header_dependency_safe,-n,289.261433
318,header_dependency_safe,-n,286.390446
319,header_dependency_safe,-n,294.116889
320,header_dependency_safe,-d,46.960252
321,header_dependency_safe,-d,49.531510
322,header_dependency_safe,-d,46.628382
323,header_dependency_safe,-d,49.435799
324,header_dependency_safe,-d,46.439111
325,header_dependency_safe,-d,47.869201
326,header_dependency_safe,-d,46.199292
327,header_dependency_safe,-d,48.760930
328,header_dependency_safe,-d,46.028993
329,header_dependency_safe,-d,50.813958
330,header_dependency_safe,-d,46.415353
331,header_dependency_safe,-d,46.069103
332,header_dependency_safe,-d,46.820712
333,header_dependency_safe,-d,46.040474
334,header_dependency_safe,-d,47.192472
335,header_dependency_safe,-d,48.668230
336,header_dependency_safe,-d,46.483602
337,header_dependency_safe,-d,47.801501
338,header_dependency_safe,-d,45.810143
339,header_dependency_safe,-d,47.054361
340,header_dependency_safe,-f -i -n -d,25.733244
341,header_dependency_safe,-f -i -n -d,26.000124
342,header_dependency_safe,-f -i -n -d,26.536953
343,header_dependency_safe,-f -i -n -d,26.128223
344,header_dependency_safe,-f -i -n -d,26.512422
345,header_dependency_safe,-f -i -n -d,26.309973
346,header_dependency_safe,-f -i -n -d,26.743853
347,header_dependency_safe,-f -i -n -d,26.424983
348,header_dependency_safe,-f -i -n -d,26.841952
349,header_dependency_safe,-f -i -n -d,26.627383
350,header_dependency_safe,-f -i -n -d,26.811973
351,header_dependency_safe,-f -i -n -d,27.737091
352,header_dependency_safe,-f -i -n -d,26.927053
353,header_dependency_safe,-f -i -n -d,26.592583
354,header_dependency_safe,-f -i -n -d,26.797673
355,header_dependency_safe,-f -i -n -d,26.758533
356,header_dependency_safe,-f -i -n -d,26.846573
357,header_dependency_safe,-f -i -n -d,26.583995
358,header_dependency_safe,-f -i -n -d,26.932033
359,header_dependency_safe,-f -i -n -d,26.994042
360,header_dependency_unsafe,,1311.244029
361,header_dependency_unsafe,,1297.125528
362,header_dependency_unsafe,,1306.017607
363,header_dependency_unsafe,,1297.286870
364,header_dependency_unsafe,,1302.685561
365,header_dependency_unsafe,,1289.339128
366,header_dependency_unsafe,,1291.380672
367,header_dependency_unsafe,,1300.988467
368,header_dependency_unsafe,,1301.282931
369,header_dependency_unsafe,,1302.792645
370,header_dependency_unsafe,,1341.253963
371,header_dependency_unsafe,,1295.730682
372,header_dependency_unsafe,,1298.164553
373,header_dependency_unsafe,,1303.185451
374,header_dependency_unsafe,,1305.149104
375,header_dependency_unsafe,,1347.604897
376,header_dependency_unsafe,,1295.874050
377,header_dependency_unsafe,,1290.191268
378,header_dependency_unsafe,,1357.777668
379,header_dependency_unsafe,,1315.794681
380,header_dependency_unsafe,-f,1036.022979
381,header_dependency_unsafe,-f,1036.928711
382,header_dependency_unsafe,-f,1028.522110
383,header_dependency_unsafe,-f,1027.298422
384,header_dependency_unsafe,-f,1024.578668
385,header_dependency_unsafe,-f,1064.350441
386,header_dependency_unsafe,-f,1027.990116
387,header_dependency_unsafe,-f,1045.976451
388,header_dependency_unsafe,-f,1030.822235
389,header_dependency_unsafe,-f,1031.495307
390,header_dependency_unsafe,-f,1032.922638
391,header_dependency_unsafe,-f,1036.137026
392,header_dependency_unsafe,-f,1036.622547
393,header_dependency_unsafe,-f,1034.192460
394,header_dependency_unsafe,-f,1032.135062
395,header_dependency_unsafe,-f,1040.897236
396,header_dependency_unsafe,-f,1028.732438
397,header_dependency_unsafe,-f,1031.104137
398,header_dependency_unsafe,-f,1039.737809
399,header_dependency_unsafe,-f,1031.714648
400,header_dependency_unsafe,-i,1293.965828
401,header_dependency_unsafe,-i,1298.393856
402,header_dependency_unsafe,-i,1304.626200
403,header_dependency_unsafe,-i,1319.286228
404,header_dependency_unsafe,-i,1307.763640
405,header_dependency_unsafe,-i,1315.063494
406,header_dependency_unsafe,-i,1342.000251
407,header_dependency_unsafe,-i,1307.717413
408,header_dependency_unsafe,-i,1337.424277
409,header_dependency_unsafe,-i,1385.230194
410,header_dependency_unsafe,-i,1317.211108
411,header_dependency_unsafe,-i,1315.639240
412,header_dependency_unsafe,-i,1399.209716
413,header_dependency_unsafe,-i,1339.403871
414,header_dependency_unsafe,-i,1313.110176
415,header_dependency_unsafe,-i,1319.366019
416,header_dependency_unsafe,-i,1307.705772
417,header_dependency_unsafe,-i,1317.814823
418,header_dependency_unsafe,-i,1302.124599
419,header_dependency_unsafe,-i,1311.634330
420,header_dependency_unsafe,-n,736.822201
421,header_dependency_unsafe,-n,723.207615
422,header_dependency_unsafe,-n,734.670885
423,header_dependency_unsafe,-n,732.891687
424,header_dependency_unsafe,-n,735.472175
425,header_dependency_unsafe,-n,730.230669
426,header_dependency_unsafe,-n,732.735606
427,header_dependency_unsafe,-n,733.114407
428,header_dependency_unsafe,-n,738.968313
429,header_dependency_unsafe,-n,752.383958
430,header_dependency_unsafe,-n,730.355760
431,header_dependency_unsafe,-n,736.411264
432,header_dependency_unsafe,-n,738.291652
433,header_dependency_unsafe,-n,732.024548
434,header_dependency_unsafe,-n,733.298897
435,header_dependency_unsafe,-n,729.817901
436,header_dependency_unsafe,-n,730.660340
437,header_dependency_unsafe,-n,731.211731
438,header_dependency_unsafe,-n,732.819228
439,header_dependency_unsafe,-n,732.127118
440,header_dependency_unsafe,-d,45.267889
441,header_dependency_unsafe,-d,42.662901
442,header_dependency_unsafe,-d,42.281101
443,header_dependency_unsafe,-d,42.428711
444,header_dependency_unsafe,-d,41.809743
445,header_dependency_unsafe,-d,44.080231
446,header_dependency_unsafe,-d,42.407881
447,header_dependency_unsafe,-d,45.653669
448,header_dependency_unsafe,-d,43.141491
449,header_dependency_unsafe,-d,42.533611
450,header_dependency_unsafe,-d,43.817770
451,header_dependency_unsafe,-d,42.777661
452,header_dependency_unsafe,-d,42.679092
453,header_dependency_unsafe,-d,42.361732
454,header_dependency_unsafe,-d,42.437172
455,header_dependency_unsafe,-d,42.593261
456,header_dependency_unsafe,-d,43.491870
457,header_dependency_unsafe,-d,46.999418
458,header_dependency_unsafe,-d,43.521471
459,header_dependency_unsafe,-d,42.623012
460,header_dependency_unsafe,-f -i -n -d,16.006036
461,header_dependency_unsafe,-f -i -n -d,19.120303
462,header_dependency_unsafe,-f -i -n -d,16.253046
463,header_dependency_unsafe,-f -i -n -d,16.522005
464,header_dependency_unsafe,-f -i -n -d,19.012563
465,header_dependency_unsafe,-f -i -n -d,20.243971
466,header_dependency_unsafe,-f -i -n -d,18.795112
467,header_dependency_unsafe,-f -i -n -d,20.764441
468,header_dependency_unsafe,-f -i -n -d,18.927973
469,header_dependency_unsafe,-f -i -n -d,21.451962
470,header_dependency_unsafe,-f -i -n -d,19.076882
471,header_dependency_unsafe,-f -i -n -d,19.230842
472,header_dependency_unsafe,-f -i -n -d,15.717245
473,header_dependency_unsafe,-f -i -n -d,16.370615
474,header_dependency_unsafe,-f -i -n -d,19.560172
475,header_dependency_unsafe,-f -i -n -d,20.044382
476,header_dependency_unsafe,-f -i -n -d,19.253072
477,header_dependency_unsafe,-f -i -n -d,16.677606
478,header_dependency_unsafe,-f -i -n -d,20.408581
479,header_dependency_unsafe,-f -i -n -d,16.723175
480,ipv4_opt_safe,,2210.587459
481,ipv4_opt_safe,,2199.022399
482,ipv4_opt_safe,,2222.904799
483,ipv4_opt_safe,,2218.258053
484,ipv4_opt_safe,,2222.961451
485,ipv4_opt_safe,,2204.729837
486,ipv4_opt_safe,,2288.325312
487,ipv4_opt_safe,,2208.257115
488,ipv4_opt_safe,,2206.993167
489,ipv4_opt_safe,,2209.716846
490,ipv4_opt_safe,,2212.500292
491,ipv4_opt_safe,,2228.343660
492,ipv4_opt_safe,,2231.970098
493,ipv4_opt_safe,,2220.256108
494,ipv4_opt_safe,,2222.434966
495,ipv4_opt_safe,,2224.008715
496,ipv4_opt_safe,,2225.047484
497,ipv4_opt_safe,,2222.154248
498,ipv4_opt_safe,,2199.803818
499,ipv4_opt_safe,,2211.403408
500,ipv4_opt_safe,-f,1881.771033
501,ipv4_opt_safe,-f,1882.965962
502,ipv4_opt_safe,-f,1883.990641
503,ipv4_opt_safe,-f,1902.831225
504,ipv4_opt_safe,-f,1898.562350
505,ipv4_opt_safe,-f,1897.567161
506,ipv4_opt_safe,-f,1892.091875
507,ipv4_opt_safe,-f,1890.248568
508,ipv4_opt_safe,-f,1895.491132
509,ipv4_opt_safe,-f,1888.532328
510,ipv4_opt_safe,-f,1909.524831
511,ipv4_opt_safe,-f,1979.383868
512,ipv4_opt_safe,-f,1882.459304
513,ipv4_opt_safe,-f,1910.413439
514,ipv4_opt_safe,-f,1904.065686
515,ipv4_opt_safe,-f,1899.619780
516,ipv4_opt_safe,-f,1890.150158
517,ipv4_opt_safe,-f,1901.542467
518,ipv4_opt_safe,-f,1903.032107
519,ipv4_opt_safe,-f,1890.663359
520,ipv4_opt_safe,-i,2223.100589
521,ipv4_opt_safe,-i,2218.171635
522,ipv4_opt_safe,-i,2223.764211
523,ipv4_opt_safe,-i,2222.857661
524,ipv4_opt_safe,-i,2215.731948
525,ipv4_opt_safe,-i,2225.162919
526,ipv4_opt_safe,-i,2220.557442
527,ipv4_opt_safe,-i,2218.293015
528,ipv4_opt_safe,-i,2228.869685
529,ipv4_opt_safe,-i,2210.680533
530,ipv4_opt_safe,-i,2226.116559
531,ipv4_opt_safe,-i,2323.578830
532,ipv4_opt_safe,-i,2229.365196
533,ipv4_opt_safe,-i,2214.895648
534,ipv4_opt_safe,-i,2210.574003
535,ipv4_opt_safe,-i,2292.769700
536,ipv4_opt_safe,-i,2323.952081
537,ipv4_opt_safe,-i,2214.759158
538,ipv4_opt_safe,-i,2209.678533
539,ipv4_opt_safe,-i,2219.634445
540,ipv4_opt_safe,-n,1230.445169
541,ipv4_opt_safe,-n,1232.956728
542,ipv4_opt_safe,-n,1230.622219
543,ipv4_opt_safe,-n,1236.813264
544,ipv4_opt_safe,-n,1281.208192
545,ipv4_opt_safe,-n,1279.639965
546,ipv4_opt_safe,-n,1231.027228
547,ipv4_opt_safe,-n,1230.516630
548,ipv4_opt_safe,-n,1223.070855
549,ipv4_opt_safe,-n,1226.593643
550,ipv4_opt_safe,-n,1229.514380
551,ipv4_opt_safe,-n,1227.264522
552,ipv4_opt_safe,-n,1227.435142
553,ipv4_opt_safe,-n,1228.542370
554,ipv4_opt_safe,-n,1233.237046
555,ipv4_opt_safe,-n,1229.708220
556,ipv4_opt_safe,-n,1276.614528
557,ipv4_opt_safe,-n,1233.845197
558,ipv4_opt_safe,-n,1230.848109
559,ipv4_opt_safe,-n,1233.076746
560,ipv4_opt_safe,-d,102.477228
561,ipv4_opt_safe,-d,103.672877
562,ipv4_opt_safe,-d,102.807348
563,ipv4_opt_safe,-d,104.730107
564,ipv4_opt_safe,-d,102.985948
565,ipv4_opt_safe,-d,100.032780
566,ipv4_opt_safe,-d,100.838910
567,ipv4_opt_safe,-d,104.770016
568,ipv4_opt_safe,-d,100.432091
569,ipv4_opt_safe,-d,100.944810
570,ipv4_opt_safe,-d,100.804641
571,ipv4_opt_safe,-d,103.952068
572,ipv4_opt_safe,-d,100.520459
573,ipv4_opt_safe,-d,104.743197
574,ipv4_opt_safe,-d,100.111720
575,ipv4_opt_safe,-d,101.087440
576,ipv4_opt_safe,-d,99.745471
577,ipv4_opt_safe,-d,101.307478
578,ipv4_opt_safe,-d,101.140469
579,ipv4_opt_safe,-d,102.528028
580,ipv4_opt_safe,-f -i -n -d,59.237396
581,ipv4_opt_safe,-f -i -n -d,58.339858
582,ipv4_opt_safe,-f -i -n -d,59.154178
583,ipv4_opt_safe,-f -i -n -d,58.575187
584,ipv4_opt_safe,-f -i -n -d,59.403668
585,ipv4_opt_safe,-f -i -n -d,60.105637
586,ipv4_opt_safe,-f -i -n -d,58.574457
587,ipv4_opt_safe,-f -i -n -d,60.108196
588,ipv4_opt_safe,-f -i -n -d,60.057797
589,ipv4_opt_safe,-f -i -n -d,59.278798
590,ipv4_opt_safe,-f -i -n -d,58.726406
591,ipv4_opt_safe,-f -i -n -d,59.335806
592,ipv4_opt_safe,-f -i -n -d,58.795418
593,ipv4_opt_safe,-f -i -n -d,60.229397
594,ipv4_opt_safe,-f -i -n -d,60.340915
595,ipv4_opt_safe,-f -i -n -d,59.662156
596,ipv4_opt_safe,-f -i -n -d,59.413778
597,ipv4_opt_safe,-f -i -n -d,59.328338
598,ipv4_opt_safe,-f -i -n -d,59.209226
599,ipv4_opt_safe,-f -i -n -d,58.480947
600,ipv4_opt_unsafe,,2073.952255
601,ipv4_opt_unsafe,,2058.421419
602,ipv4_opt_unsafe,,2081.322819
603,ipv4_opt_unsafe,,2069.956689
604,ipv4_opt_unsafe,,2081.430238
605,ipv4_opt_unsafe,,2075.675153
606,ipv4_opt_unsafe,,2079.016490
607,ipv4_opt_unsafe,,2076.325653
608,ipv4_opt_unsafe,,2072.236796
609,ipv4_opt_unsafe,,2081.082568
610,ipv4_opt_unsafe,,2075.854314
611,ipv4_opt_unsafe,,2077.268891
612,ipv4_opt_unsafe,,2084.870426
613,ipv4_opt_unsafe,,2065.934151
614,ipv4_opt_unsafe,,2098.105163
615,ipv4_opt_unsafe,,2072.323736
616,ipv4_opt_unsafe,,2066.837761
617,ipv4_opt_unsafe,,2075.466954
618,ipv4_opt_unsafe,,2084.982956
619,ipv4_opt_unsafe,,2058.017770
620,ipv4_opt_unsafe,-f,1780.224248
621,ipv4_opt_unsafe,-f,1784.081954
622,ipv4_opt_unsafe,-f,1859.003407
623,ipv4_opt_unsafe,-f,1854.730911
624,ipv4_opt_unsafe,-f,1785.611052
625,ipv4_opt_unsafe,-f,1777.540761
626,ipv4_opt_unsafe,-f,1876.618452
627,ipv4_opt_unsafe,-f,1797.328232
628,ipv4_opt_unsafe,-f,1797.654212
629,ipv4_opt_unsafe,-f,1867.031930
630,ipv4_opt_unsafe,-f,1777.518791
631,ipv4_opt_unsafe,-f,1786.837972
632,ipv4_opt_unsafe,-f,1794.465504
633,ipv4_opt_unsafe,-f,1798.924101
634,ipv4_opt_unsafe,-f,1793.064707
635,ipv4_opt_unsafe,-f,1794.279944
636,ipv4_opt_unsafe,-f,1773.857903
637,ipv4_opt_unsafe,-f,1786.973561
638,ipv4_opt_unsafe,-f,1867.726951
639,ipv4_opt_unsafe,-f,1787.238971
640,ipv4_opt_unsafe,-i,2066.115411
641,ipv4_opt_unsafe,-i,2080.452479
642,ipv4_opt_unsafe,-i,2065.049342
643,ipv4_opt_unsafe,-i,2075.427764
644,ipv4_opt_unsafe,-i,2062.518785
645,ipv4_opt_unsafe,-i,2066.936841
646,ipv4_opt_unsafe,-i,2073.096805
647,ipv4_opt_unsafe,-i,2068.489540
648,ipv4_opt_unsafe,-i,2076.375102
649,ipv4_opt_unsafe,-i,2075.702824
650,ipv4_opt_unsafe,-i,2084.930336
651,ipv4_opt_unsafe,-i,2069.929439
652,ipv4_opt_unsafe,-i,2088.986131
653,ipv4_opt_unsafe,-i,2064.296714
654,ipv4_opt_unsafe,-i,2069.641648
655,ipv4_opt_unsafe,-i,2071.674387
656,ipv4_opt_unsafe,-i,2064.636283
657,ipv4_opt_unsafe,-i,2072.093887
658,ipv4_opt_unsafe,-i,2064.517764
659,ipv4_opt_unsafe,-i,2077.133203
660,ipv4_opt_unsafe,-n,930.251828
661,ipv4_opt_unsafe,-n,925.597742
662,ipv4_opt_unsafe,-n,955.235265
663,ipv4_opt_unsafe,-n,924.417783
664,ipv4_opt_unsafe,-n,928.635748
665,ipv4_opt_unsafe,-n,927.141191
666,ipv4_opt_unsafe,-n,925.566153
667,ipv4_opt_unsafe,-n,925.365603
668,ipv4_opt_unsafe,-n,925.457482
669,ipv4_opt_unsafe,-n,934.733865
670,ipv4_opt_unsafe,-n,955.738305
671,ipv4_opt_unsafe,-n,934.499274
672,ipv4_opt_unsafe,-n,928.226539
673,ipv4_opt_unsafe,-n,932.933245
674,ipv4_opt_unsafe,-n,961.308060
675,ipv4_opt_unsafe,-n,926.512180
676,ipv4_opt_unsafe,-n,921.137506
677,ipv4_opt_unsafe,-n,923.654054
678,ipv4_opt_unsafe,-n,923.914604
679,ipv4_opt_unsafe,-n,923.371474
680,ipv4_opt_unsafe,-d,77.339380
681,ipv4_opt_unsafe,-d,76.525742
682,ipv4_opt_unsafe,-d,78.196250
683,ipv4_opt_unsafe,-d,79.152470
684,ipv4_opt_unsafe,-d,79.040319
685,ipv4_opt_unsafe,-d,77.034801
686,ipv4_opt_unsafe,-d,80.120369
687,ipv4_opt_unsafe,-d,77.004882
688,ipv4_opt_unsafe,-d,76.861261
689,ipv4_opt_unsafe,-d,81.064298
690,ipv4_opt_unsafe,-d,77.079922
691,ipv4_opt_unsafe,-d,78.453010
692,ipv4_opt_unsafe,-d,77.247101
693,ipv4_opt_unsafe,-d,77.488971
694,ipv4_opt_unsafe,-d,76.353602
695,ipv4_opt_unsafe,-d,76.416101
696,ipv4_opt_unsafe,-d,77.346341
697,ipv4_opt_unsafe,-d,76.101203
698,ipv4_opt_unsafe,-d,77.721160
699,ipv4_opt_unsafe,-d,76.076403
700,ipv4_opt_unsafe,-f -i -n -d,36.259758
701,ipv4_opt_unsafe,-f -i -n -d,32.958651
702,ipv4_opt_unsafe,-f -i -n -d,33.663729
703,ipv4_opt_unsafe,-f -i -n -d,34.206170
704,ipv4_opt_unsafe,-f -i -n -d,33.904599
705,ipv4_opt_unsafe,-f -i -n -d,33.896329
706,ipv4_opt_unsafe,-f -i -n -d,33.991449
707,ipv4_opt_unsafe,-f -i -n -d,33.853590
708,ipv4_opt_unsafe,-f -i -n -d,33.987920
709,ipv4_opt_unsafe,-f -i -n -d,33.846439
710,ipv4_opt_unsafe,-f -i -n -d,34.108449
711,ipv4_opt_unsafe,-f -i -n -d,33.955390
712,ipv4_opt_unsafe,-f -i -n -d,33.841400
713,ipv4_opt_unsafe,-f -i -n -d,33.996929
714,ipv4_opt_unsafe,-f -i -n -d,33.765020
715,ipv4_opt_unsafe,-f -i -n -d,33.857969
716,ipv4_opt_unsafe,-f -i -n -d,33.935910
717,ipv4_opt_unsafe,-f -i -n -d,34.418929
718,ipv4_opt_unsafe,-f -i -n -d,34.291389
719,ipv4_opt_unsafe,-f -i -n -d,33.827460
720,ipv4_ttl_safe,,277.149763
721,ipv4_ttl_safe,,284.453486
722,ipv4_ttl_safe,,275.368393
723,ipv4_ttl_safe,,273.350155
724,ipv4_ttl_safe,,277.023323
725,ipv4_ttl_safe,,275.175074
726,ipv4_ttl_safe,,280.478749
727,ipv4_ttl_safe,,278.300831
728,ipv4_ttl_safe,,276.962433
729,ipv4_ttl_safe,,275.629233
730,ipv4_ttl_safe,,273.690395
731,ipv4_ttl_safe,,272.387598
732,ipv4_ttl_safe,,275.738634
733,ipv4_ttl_safe,,277.376771
734,ipv4_ttl_safe,,278.082102
735,ipv4_ttl_safe,,276.527513
736,ipv4_ttl_safe,,274.307675
737,ipv4_ttl_safe,,277.622351
738,ipv4_ttl_safe,,289.437302
739,ipv4_ttl_safe,,276.139753
740,ipv4_ttl_safe,-f,259.498318
741,ipv4_ttl_safe,-f,250.658776
742,ipv4_ttl_safe,-f,251.390785
743,ipv4_ttl_safe,-f,251.919945
744,ipv4_ttl_safe,-f,250.170566
745,ipv4_ttl_safe,-f,249.952546
746,ipv4_ttl_safe,-f,251.595975
747,ipv4_ttl_safe,-f,255.094262
748,ipv4_ttl_safe,-f,249.601987
749,ipv4_ttl_safe,-f,251.949716
750,ipv4_ttl_safe,-f,249.517136
751,ipv4_ttl_safe,-f,250.085576
752,ipv4_ttl_safe,-f,250.772765
753,ipv4_ttl_safe,-f,252.124224
754,ipv4_ttl_safe,-f,249.253318
755,ipv4_ttl_safe,-f,254.791973
756,ipv4_ttl_safe,-f,251.174416
757,ipv4_ttl_safe,-f,250.469826
758,ipv4_ttl_safe,-f,252.321934
759,ipv4_ttl_safe,-f,251.707294
760,ipv4_ttl_safe,-i,279.420729
761,ipv4_ttl_safe,-i,279.049061
762,ipv4_ttl_safe,-i,277.336872
763,ipv4_ttl_safe,-i,275.251274
764,ipv4_ttl_safe,-i,273.849685
765,ipv4_ttl_safe,-i,280.583150
766,ipv4_ttl_safe,-i,277.910052
767,ipv4_ttl_safe,-i,274.615315
768,ipv4_ttl_safe,-i,286.507985
769,ipv4_ttl_safe,-i,277.142352
770,ipv4_ttl_safe,-i,275.812363
771,ipv4_ttl_safe,-i,280.609489
772,ipv4_ttl_safe,-i,275.028494
773,ipv4_ttl_safe,-i,277.561813
774,ipv4_ttl_safe,-i,282.959897
775,ipv4_ttl_safe,-i,283.660726
776,ipv4_ttl_safe,-i,276.561483
777,ipv4_ttl_safe,-i,277.092631
778,ipv4_ttl_safe,-i,276.695392
779,ipv4_ttl_safe,-i,275.156684
780,ipv4_ttl_safe,-n,276.101153
781,ipv4_ttl_safe,-n,283.087507
782,ipv4_ttl_safe,-n,278.037701
783,ipv4_ttl_safe,-n,288.736362
784,ipv4_ttl_safe,-n,275.166185
785,ipv4_ttl_safe,-n,280.084479
786,ipv4_ttl_safe,-n,276.711033
787,ipv4_ttl_safe,-n,277.513102
788,ipv4_ttl_safe,-n,278.453651
789,ipv4_ttl_safe,-n,275.784804
790,ipv4_ttl_safe,-n,276.936933
791,ipv4_ttl_safe,-n,277.732611
792,ipv4_ttl_safe,-n,276.668871
793,ipv4_ttl_safe,-n,277.357242
794,ipv4_ttl_safe,-n,278.911461
795,ipv4_ttl_safe,-n,276.693732
796,ipv4_ttl_safe,-n,278.931131
797,ipv4_ttl_safe,-n,275.224404
798,ipv4_ttl_safe,-n,274.774515
799,ipv4_ttl_safe,-n,277.306291
800,ipv4_ttl_safe,-d,39.003496
801,ipv4_ttl_safe,-d,42.529212
802,ipv4_ttl_safe,-d,39.361345
803,ipv4_ttl_safe,-d,41.119594
804,ipv4_ttl_safe,-d,39.159874
805,ipv4_ttl_safe,-d,39.198405
806,ipv4_ttl_safe,-d,39.536434
807,ipv4_ttl_safe,-d,38.560175
808,ipv4_ttl_safe,-d,38.865307
809,ipv4_ttl_safe,-d,42.532302
810,ipv4_ttl_safe,-d,38.214656
811,ipv4_ttl_safe,-d,38.767155
812,ipv4_ttl_safe,-d,38.626125
813,ipv4_ttl_safe,-d,38.540465
814,ipv4_ttl_safe,-d,39.014276
815,ipv4_ttl_safe,-d,38.861346
816,ipv4_ttl_safe,-d,38.530006
817,ipv4_ttl_safe,-d,38.700376
818,ipv4_ttl_safe,-d,38.543386
819,ipv4_ttl_safe,-d,38.762885
820,ipv4_ttl_safe,-f -i -n -d,36.515688
821,ipv4_ttl_safe,-f -i -n -d,36.349877
822,ipv4_ttl_safe,-f -i -n -d,36.875217
823,ipv4_ttl_safe,-f -i -n -d,36.302447
824,ipv4_ttl_safe,-f -i -n -d,36.457268
825,ipv4_ttl_safe,-f -i -n -d,36.639627
826,ipv4_ttl_safe,-f -i -n -d,36.367798
827,ipv4_ttl_safe,-f -i -n -d,36.661949
828,ipv4_ttl_safe,-f -i -n -d,36.772117
829,ipv4_ttl_safe,-f -i -n -d,36.192397
830,ipv4_ttl_safe,-f -i -n -d,36.952527
831,ipv4_ttl_safe,-f -i -n -d,36.248758
832,ipv4_ttl_safe,-f -i -n -d,36.432208
833,ipv4_ttl_safe,-f -i -n -d,36.662317
834,ipv4_ttl_safe,-f -i -n -d,36.282047
835,ipv4_ttl_safe,-f -i -n -d,36.325428
836,ipv4_ttl_safe,-f -i -n -d,36.378397
837,ipv4_ttl_safe,-f -i -n -d,36.252178
838,ipv4_ttl_safe,-f -i -n -d,36.812528
839,ipv4_ttl_safe,-f -i -n -d,36.242968
840,ipv4_ttl_unsafe,,332.950512
841,ipv4_ttl_unsafe,,338.471006
842,ipv4_ttl_unsafe,,335.106311
843,ipv4_ttl_unsafe,,329.404206
844,ipv4_ttl_unsafe,,331.177834
845,ipv4_ttl_unsafe,,345.631792
846,ipv4_ttl_unsafe,,330.728774
847,ipv4_ttl_unsafe,,331.369954
848,ipv4_ttl_unsafe,,333.698232
849,ipv4_ttl_unsafe,,331.455064
850,ipv4_ttl_unsafe,,338.533188
851,ipv4_ttl_unsafe,,332.337053
852,ipv4_ttl_unsafe,,333.691371
853,ipv4_ttl_unsafe,,332.548542
854,ipv4_ttl_unsafe,,335.942690
855,ipv4_ttl_unsafe,,332.028142
856,ipv4_ttl_unsafe,,333.713121
857,ipv4_ttl_unsafe,,334.523610
858,ipv4_ttl_unsafe,,342.860623
859,ipv4_ttl_unsafe,,334.396461
860,ipv4_ttl_unsafe,-f,348.028178
861,ipv4_ttl_unsafe,-f,345.830571
862,ipv4_ttl_unsafe,-f,351.716446
863,ipv4_ttl_unsafe,-f,345.684440
864,ipv4_ttl_unsafe,-f,363.242105
865,ipv4_ttl_unsafe,-f,350.016337
866,ipv4_ttl_unsafe,-f,354.043113
867,ipv4_ttl_unsafe,-f,352.422045
868,ipv4_ttl_unsafe,-f,348.207148
869,ipv4_ttl_unsafe,-f,348.712878
870,ipv4_ttl_unsafe,-f,361.467576
871,ipv4_ttl_unsafe,-f,354.590933
872,ipv4_ttl_unsafe,-f,348.473798
873,ipv4_ttl_unsafe,-f,356.249071
874,ipv4_ttl_unsafe,-f,356.995281
875,ipv4_ttl_unsafe,-f,345.997210
876,ipv4_ttl_unsafe,-f,350.557077
877,ipv4_ttl_unsafe,-f,347.822368
878,ipv4_ttl_unsafe,-f,346.885790
879,ipv4_ttl_unsafe,-f,355.999001
880,ipv4_ttl_unsafe,-i,330.728214
881,ipv4_ttl_unsafe,-i,332.114112
882,ipv4_ttl_unsafe,-i,331.073103
883,ipv4_ttl_unsafe,-i,333.936911
884,ipv4_ttl_unsafe,-i,332.366333
885,ipv4_ttl_unsafe,-i,335.776239
886,ipv4_ttl_unsafe,-i,331.574623
887,ipv4_ttl_unsafe,-i,338.556077
888,ipv4_ttl_unsafe,-i,332.527412
889,ipv4_ttl_unsafe,-i,332.528682
890,ipv4_ttl_unsafe,-i,334.673422
891,ipv4_ttl_unsafe,-i,333.538112
892,ipv4_ttl_unsafe,-i,336.037820
893,ipv4_ttl_unsafe,-i,333.980452
894,ipv4_ttl_unsafe,-i,333.710332
895,ipv4_ttl_unsafe,-i,338.438358
896,ipv4_ttl_unsafe,-i,333.502121
897,ipv4_ttl_unsafe,-i,332.510082
898,ipv4_ttl_unsafe,-i,331.920433
899,ipv4_ttl_unsafe,-i,333.975282
900,ipv4_ttl_unsafe,-n,331.204324
901,ipv4_ttl_unsafe,-n,334.282931
902,ipv4_ttl_unsafe,-n,343.564852
903,ipv4_ttl_unsafe,-n,340.995925
904,ipv4_ttl_unsafe,-n,342.412544
905,ipv4_ttl_unsafe,-n,332.005703
906,ipv4_ttl_unsafe,-n,345.280781
907,ipv4_ttl_unsafe,-n,333.821852
908,ipv4_ttl_unsafe,-n,336.640170
909,ipv4_ttl_unsafe,-n,331.549133
910,ipv4_ttl_unsafe,-n,338.633727
911,ipv4_ttl_unsafe,-n,334.978749
912,ipv4_ttl_unsafe,-n,336.081518
913,ipv4_ttl_unsafe,-n,332.033803
914,ipv4_ttl_unsafe,-n,338.901776
915,ipv4_ttl_unsafe,-n,332.221533
916,ipv4_ttl_unsafe,-n,339.526257
917,ipv4_ttl_unsafe,-n,333.170262
918,ipv4_ttl_unsafe,-n,331.772303
919,ipv4_ttl_unsafe,-n,337.301889
920,ipv4_ttl_unsafe,-d,27.300306
921,ipv4_ttl_unsafe,-d,27.744695
922,ipv4_ttl_unsafe,-d,30.760762
923,ipv4_ttl_unsafe,-d,26.699746
924,ipv4_ttl_unsafe,-d,31.226672
925,ipv4_ttl_unsafe,-d,26.904075
926,ipv4_ttl_unsafe,-d,31.270432
927,ipv4_ttl_unsafe,-d,26.964286
928,ipv4_ttl_unsafe,-d,31.297071
929,ipv4_ttl_unsafe,-d,27.109836
930,ipv4_ttl_unsafe,-d,31.734372
931,ipv4_ttl_unsafe,-d,32.353652
932,ipv4_ttl_unsafe,-d,29.420375
933,ipv4_ttl_unsafe,-d,30.381853
934,ipv4_ttl_unsafe,-d,26.778826
935,ipv4_ttl_unsafe,-d,30.900572
936,ipv4_ttl_unsafe,-d,27.147046
937,ipv4_ttl_unsafe,-d,26.740095
938,ipv4_ttl_unsafe,-d,30.101003
939,ipv4_ttl_unsafe,-d,26.907656
940,ipv4_ttl_unsafe,-f -i -n -d,29.671663
941,ipv4_ttl_unsafe,-f -i -n -d,25.689107
942,ipv4_ttl_unsafe,-f -i -n -d,27.525616
943,ipv4_ttl_unsafe,-f -i -n -d,25.169497
944,ipv4_ttl_unsafe,-f -i -n -d,25.655727
945,ipv4_ttl_unsafe,-f -i -n -d,25.454807
946,ipv4_ttl_unsafe,-f -i -n -d,25.133547
947,ipv4_ttl_unsafe,-f -i -n -d,29.599454
948,ipv4_ttl_unsafe,-f -i -n -d,25.534717
949,ipv4_ttl_unsafe,-f -i -n -d,28.280266
950,ipv4_ttl_unsafe,-f -i -n -d,25.677886
951,ipv4_ttl_unsafe,-f -i -n -d,26.029157
952,ipv4_ttl_unsafe,-f -i -n -d,25.574887
953,ipv4_ttl_unsafe,-f -i -n -d,25.356356
954,ipv4_ttl_unsafe,-f -i -n -d,25.349428
955,ipv4_ttl_unsafe,-f -i -n -d,25.606398
956,ipv4_ttl_unsafe,-f -i -n -d,25.250338
957,ipv4_ttl_unsafe,-f -i -n -d,25.496456
958,ipv4_ttl_unsafe,-f -i -n -d,25.572776
959,ipv4_ttl_unsafe,-f -i -n -d,25.267768
960,mutual_exclusion_ingress_safe,,231.862950
961,mutual_exclusion_ingress_safe,,228.355651
962,mutual_exclusion_ingress_safe,,224.890425
963,mutual_exclusion_ingress_safe,,229.001141
964,mutual_exclusion_ingress_safe,,236.842359
965,mutual_exclusion_ingress_safe,,237.805153
966,mutual_exclusion_ingress_safe,,227.517477
967,mutual_exclusion_ingress_safe,,230.050753
968,mutual_exclusion_ingress_safe,,228.001174
969,mutual_exclusion_ingress_safe,,226.740119
970,mutual_exclusion_ingress_safe,,227.338270
971,mutual_exclusion_ingress_safe,,231.803607
972,mutual_exclusion_ingress_safe,,227.901779
973,mutual_exclusion_ingress_safe,,227.412512
974,mutual_exclusion_ingress_safe,,230.457137
975,mutual_exclusion_ingress_safe,,236.469438
976,mutual_exclusion_ingress_safe,,230.802240
977,mutual_exclusion_ingress_safe,,226.144956
978,mutual_exclusion_ingress_safe,,232.399812
979,mutual_exclusion_ingress_safe,,232.126337
980,mutual_exclusion_ingress_safe,-f,224.521138
981,mutual_exclusion_ingress_safe,-f,224.255530
982,mutual_exclusion_ingress_safe,-f,222.072792
983,mutual_exclusion_ingress_safe,-f,224.755283
984,mutual_exclusion_ingress_safe,-f,224.595804
985,mutual_exclusion_ingress_safe,-f,223.277261
986,mutual_exclusion_ingress_safe,-f,224.438454
987,mutual_exclusion_ingress_safe,-f,223.291943
988,mutual_exclusion_ingress_safe,-f,232.867034
989,mutual_exclusion_ingress_safe,-f,226.886966
990,mutual_exclusion_ingress_safe,-f,225.684452
991,mutual_exclusion_ingress_safe,-f,227.339267
992,mutual_exclusion_ingress_safe,-f,226.791672
993,mutual_exclusion_ingress_safe,-f,224.460424
994,mutual_exclusion_ingress_safe,-f,223.388649
995,mutual_exclusion_ingress_safe,-f,226.679352
996,mutual_exclusion_ingress_safe,-f,222.072812
997,mutual_exclusion_ingress_safe,-f,226.818617
998,mutual_exclusion_ingress_safe,-f,222.503360
999,mutual_exclusion_ingress_safe,-f,225.025146
1000,mutual_exclusion_ingress_safe,-i,227.304418
1001,mutual_exclusion_ingress_safe,-i,228.649233
1002,mutual_exclusion_ingress_safe,-i,227.877956
1003,mutual_exclusion_ingress_safe,-i,226.317505
1004,mutual_exclusion_ingress_safe,-i,228.196077
1005,mutual_exclusion_ingress_safe,-i,226.678197
1006,mutual_exclusion_ingress_safe,-i,228.075769
1007,mutual_exclusion_ingress_safe,-i,226.229229
1008,mutual_exclusion_ingress_safe,-i,227.895492
1009,mutual_exclusion_ingress_safe,-i,229.371528
1010,mutual_exclusion_ingress_safe,-i,228.630271
1011,mutual_exclusion_ingress_safe,-i,235.267127
1012,mutual_exclusion_ingress_safe,-i,227.584029
1013,mutual_exclusion_ingress_safe,-i,226.567397
1014,mutual_exclusion_ingress_safe,-i,228.217379
1015,mutual_exclusion_ingress_safe,-i,226.705457
1016,mutual_exclusion_ingress_safe,-i,228.859436
1017,mutual_exclusion_ingress_safe,-i,230.858728
1018,mutual_exclusion_ingress_safe,-i,227.599647
1019,mutual_exclusion_ingress_safe,-i,226.946800
1020,mutual_exclusion_ingress_safe,-n,227.965476
1021,mutual_exclusion_ingress_safe,-n,227.799458
1022,mutual_exclusion_ingress_safe,-n,227.293733
1023,mutual_exclusion_ingress_safe,-n,227.845270
1024,mutual_exclusion_ingress_safe,-n,227.768541
1025,mutual_exclusion_ingress_safe,-n,227.491432
1026,mutual_exclusion_ingress_safe,-n,226.371461
1027,mutual_exclusion_ingress_safe,-n,227.841216
1028,mutual_exclusion_ingress_safe,-n,229.117668
1029,mutual_exclusion_ingress_safe,-n,231.550997
1030,mutual_exclusion_ingress_safe,-n,227.537131
1031,mutual_exclusion_ingress_safe,-n,231.122933
1032,mutual_exclusion_ingress_safe,-n,230.614815
1033,mutual_exclusion_ingress_safe,-n,231.496540
1034,mutual_exclusion_ingress_safe,-n,238.145059
1035,mutual_exclusion_ingress_safe,-n,226.664959
1036,mutual_exclusion_ingress_safe,-n,228.634951
1037,mutual_exclusion_ingress_safe,-n,230.104121
1038,mutual_exclusion_ingress_safe,-n,227.291558
1039,mutual_exclusion_ingress_safe,-n,226.377277
1040,mutual_exclusion_ingress_safe,-d,41.466748
1041,mutual_exclusion_ingress_safe,-d,39.458308
1042,mutual_exclusion_ingress_safe,-d,39.006769
1043,mutual_exclusion_ingress_safe,-d,39.210307
1044,mutual_exclusion_ingress_safe,-d,39.416238
1045,mutual_exclusion_ingress_safe,-d,39.072190
1046,mutual_exclusion_ingress_safe,-d,39.853784
1047,mutual_exclusion_ingress_safe,-d,38.887839
1048,mutual_exclusion_ingress_safe,-d,39.639326
1049,mutual_exclusion_ingress_safe,-d,39.098730
1050,mutual_exclusion_ingress_safe,-d,39.472778
1051,mutual_exclusion_ingress_safe,-d,42.028933
1052,mutual_exclusion_ingress_safe,-d,39.336118
1053,mutual_exclusion_ingress_safe,-d,40.448542
1054,mutual_exclusion_ingress_safe,-d,40.065694
1055,mutual_exclusion_ingress_safe,-d,39.797804
1056,mutual_exclusion_ingress_safe,-d,40.618582
1057,mutual_exclusion_ingress_safe,-d,39.501268
1058,mutual_exclusion_ingress_safe,-d,40.225683
1059,mutual_exclusion_ingress_safe,-d,39.910865
1060,mutual_exclusion_ingress_safe,-f -i -n -d,37.508588
1061,mutual_exclusion_ingress_safe,-f -i -n -d,37.316719
1062,mutual_exclusion_ingress_safe,-f -i -n -d,37.477458
1063,mutual_exclusion_ingress_safe,-f -i -n -d,37.234179
1064,mutual_exclusion_ingress_safe,-f -i -n -d,37.108270
1065,mutual_exclusion_ingress_safe,-f -i -n -d,37.294449
1066,mutual_exclusion_ingress_safe,-f -i -n -d,37.332419
1067,mutual_exclusion_ingress_safe,-f -i -n -d,37.363099
1068,mutual_exclusion_ingress_safe,-f -i -n -d,37.344439
1069,mutual_exclusion_ingress_safe,-f -i -n -d,37.311289
1070,mutual_exclusion_ingress_safe,-f -i -n -d,37.175129
1071,mutual_exclusion_ingress_safe,-f -i -n -d,37.621168
1072,mutual_exclusion_ingress_safe,-f -i -n -d,37.145089
1073,mutual_exclusion_ingress_safe,-f -i -n -d,37.182420
1074,mutual_exclusion_ingress_safe,-f -i -n -d,36.970061
1075,mutual_exclusion_ingress_safe,-f -i -n -d,37.445698
1076,mutual_exclusion_ingress_safe,-f -i -n -d,36.815381
1077,mutual_exclusion_ingress_safe,-f -i -n -d,37.259199
1078,mutual_exclusion_ingress_safe,-f -i -n -d,37.621137
1079,mutual_exclusion_ingress_safe,-f -i -n -d,37.427980
1080,mutual_exclusion_ingress_unsafe,,274.759536
1081,mutual_exclusion_ingress_unsafe,,284.865325
1082,mutual_exclusion_ingress_unsafe,,274.300480
1083,mutual_exclusion_ingress_unsafe,,279.769954
1084,mutual_exclusion_ingress_unsafe,,287.416958
1085,mutual_exclusion_ingress_unsafe,,275.761398
1086,mutual_exclusion_ingress_unsafe,,285.298860
1087,mutual_exclusion_ingress_unsafe,,278.667428
1088,mutual_exclusion_ingress_unsafe,,284.819117
1089,mutual_exclusion_ingress_unsafe,,281.703112
1090,mutual_exclusion_ingress_unsafe,,275.594216
1091,mutual_exclusion_ingress_unsafe,,279.488717
1092,mutual_exclusion_ingress_unsafe,,277.856335
1093,mutual_exclusion_ingress_unsafe,,274.733951
1094,mutual_exclusion_ingress_unsafe,,276.370718
1095,mutual_exclusion_ingress_unsafe,,275.519593
1096,mutual_exclusion_ingress_unsafe,,278.456399
1097,mutual_exclusion_ingress_unsafe,,273.228006
1098,mutual_exclusion_ingress_unsafe,,281.274239
1099,mutual_exclusion_ingress_unsafe,,275.465887
1100,mutual_exclusion_ingress_unsafe,-f,275.021441
1101,mutual_exclusion_ingress_unsafe,-f,268.529568
1102,mutual_exclusion_ingress_unsafe,-f,271.206084
1103,mutual_exclusion_ingress_unsafe,-f,270.725166
1104,mutual_exclusion_ingress_unsafe,-f,269.029357
1105,mutual_exclusion_ingress_unsafe,-f,269.826635
1106,mutual_exclusion_ingress_unsafe,-f,269.672376
1107,mutual_exclusion_ingress_unsafe,-f,272.367672
1108,mutual_exclusion_ingress_unsafe,-f,274.875303
1109,mutual_exclusion_ingress_unsafe,-f,268.212388
1110,mutual_exclusion_ingress_unsafe,-f,271.954148
1111,mutual_exclusion_ingress_unsafe,-f,273.312483
1112,mutual_exclusion_ingress_unsafe,-f,270.249812
1113,mutual_exclusion_ingress_unsafe,-f,273.569386
1114,mutual_exclusion_ingress_unsafe,-f,280.043004
1115,mutual_exclusion_ingress_unsafe,-f,279.690009
1116,mutual_exclusion_ingress_unsafe,-f,274.461006
1117,mutual_exclusion_ingress_unsafe,-f,269.913157
1118,mutual_exclusion_ingress_unsafe,-f,274.564535
1119,mutual_exclusion_ingress_unsafe,-f,283.864203
1120,mutual_exclusion_ingress_unsafe,-i,279.444245
1121,mutual_exclusion_ingress_unsafe,-i,286.254311
1122,mutual_exclusion_ingress_unsafe,-i,280.329913
1123,mutual_exclusion_ingress_unsafe,-i,278.348834
1124,mutual_exclusion_ingress_unsafe,-i,277.202070
1125,mutual_exclusion_ingress_unsafe,-i,275.797147
1126,mutual_exclusion_ingress_unsafe,-i,277.243164
1127,mutual_exclusion_ingress_unsafe,-i,277.164745
1128,mutual_exclusion_ingress_unsafe,-i,279.047354
1129,mutual_exclusion_ingress_unsafe,-i,285.828294
1130,mutual_exclusion_ingress_unsafe,-i,274.928521
1131,mutual_exclusion_ingress_unsafe,-i,279.279348
1132,mutual_exclusion_ingress_unsafe,-i,289.027550
1133,mutual_exclusion_ingress_unsafe,-i,276.532815
1134,mutual_exclusion_ingress_unsafe,-i,278.748795
1135,mutual_exclusion_ingress_unsafe,-i,281.907219
1136,mutual_exclusion_ingress_unsafe,-i,280.127051
1137,mutual_exclusion_ingress_unsafe,-i,276.707149
1138,mutual_exclusion_ingress_unsafe,-i,276.231181
1139,mutual_exclusion_ingress_unsafe,-i,276.362030
1140,mutual_exclusion_ingress_unsafe,-n,277.473129
1141,mutual_exclusion_ingress_unsafe,-n,277.620129
1142,mutual_exclusion_ingress_unsafe,-n,276.429914
1143,mutual_exclusion_ingress_unsafe,-n,293.580903
1144,mutual_exclusion_ingress_unsafe,-n,279.679253
1145,mutual_exclusion_ingress_unsafe,-n,277.795062
1146,mutual_exclusion_ingress_unsafe,-n,277.561983
1147,mutual_exclusion_ingress_unsafe,-n,277.025078
1148,mutual_exclusion_ingress_unsafe,-n,277.412797
1149,mutual_exclusion_ingress_unsafe,-n,275.334657
1150,mutual_exclusion_ingress_unsafe,-n,279.780087
1151,mutual_exclusion_ingress_unsafe,-n,277.231874
1152,mutual_exclusion_ingress_unsafe,-n,276.830405
1153,mutual_exclusion_ingress_unsafe,-n,278.907194
1154,mutual_exclusion_ingress_unsafe,-n,274.477920
1155,mutual_exclusion_ingress_unsafe,-n,279.025726
1156,mutual_exclusion_ingress_unsafe,-n,278.748078
1157,mutual_exclusion_ingress_unsafe,-n,273.438125
1158,mutual_exclusion_ingress_unsafe,-n,275.600627
1159,mutual_exclusion_ingress_unsafe,-n,279.136999
1160,mutual_exclusion_ingress_unsafe,-d,35.910639
1161,mutual_exclusion_ingress_unsafe,-d,36.031788
1162,mutual_exclusion_ingress_unsafe,-d,35.610770
1163,mutual_exclusion_ingress_unsafe,-d,36.099707
1164,mutual_exclusion_ingress_unsafe,-d,40.471457
1165,mutual_exclusion_ingress_unsafe,-d,35.638140
1166,mutual_exclusion_ingress_unsafe,-d,38.223088
1167,mutual_exclusion_ingress_unsafe,-d,35.783289
1168,mutual_exclusion_ingress_unsafe,-d,39.946340
1169,mutual_exclusion_ingress_unsafe,-d,35.749531
1170,mutual_exclusion_ingress_unsafe,-d,38.286579
1171,mutual_exclusion_ingress_unsafe,-d,35.949499
1172,mutual_exclusion_ingress_unsafe,-d,35.870749
1173,mutual_exclusion_ingress_unsafe,-d,35.615971
1174,mutual_exclusion_ingress_unsafe,-d,35.629740
1175,mutual_exclusion_ingress_unsafe,-d,35.757869
1176,mutual_exclusion_ingress_unsafe,-d,35.843860
1177,mutual_exclusion_ingress_unsafe,-d,35.882309
1178,mutual_exclusion_ingress_unsafe,-d,35.687990
1179,mutual_exclusion_ingress_unsafe,-d,35.782650
1180,mutual_exclusion_ingress_unsafe,-f -i -n -d,35.374713
1181,mutual_exclusion_ingress_unsafe,-f -i -n -d,35.947479
1182,mutual_exclusion_ingress_unsafe,-f -i -n -d,35.402211
1183,mutual_exclusion_ingress_unsafe,-f -i -n -d,35.793301
1184,mutual_exclusion_ingress_unsafe,-f -i -n -d,35.478551
1185,mutual_exclusion_ingress_unsafe,-f -i -n -d,35.482661
1186,mutual_exclusion_ingress_unsafe,-f -i -n -d,35.653412
1187,mutual_exclusion_ingress_unsafe,-f -i -n -d,35.492783
1188,mutual_exclusion_ingress_unsafe,-f -i -n -d,35.343102
1189,mutual_exclusion_ingress_unsafe,-f -i -n -d,35.544751
1190,mutual_exclusion_ingress_unsafe,-f -i -n -d,35.270464
1191,mutual_exclusion_ingress_unsafe,-f -i -n -d,35.604950
1192,mutual_exclusion_ingress_unsafe,-f -i -n -d,35.416522
1193,mutual_exclusion_ingress_unsafe,-f -i -n -d,35.496630
1194,mutual_exclusion_ingress_unsafe,-f -i -n -d,35.550422
1195,mutual_exclusion_ingress_unsafe,-f -i -n -d,35.462890
1196,mutual_exclusion_ingress_unsafe,-f -i -n -d,35.505302
1197,mutual_exclusion_ingress_unsafe,-f -i -n -d,35.619882
1198,mutual_exclusion_ingress_unsafe,-f -i -n -d,35.448561
1199,mutual_exclusion_ingress_unsafe,-f -i -n -d,35.379523
1200,vlan_decap_safe,,5786.895314
1201,vlan_decap_safe,,5784.279146
1202,vlan_decap_safe,,5780.741259
1203,vlan_decap_safe,,5774.142835
1204,vlan_decap_safe,,5803.518930
1205,vlan_decap_safe,,6044.681534
1206,vlan_decap_safe,,5793.202628
1207,vlan_decap_safe,,5786.236295
1208,vlan_decap_safe,,5824.773660
1209,vlan_decap_safe,,5833.344852
1210,vlan_decap_safe,,6063.183047
1211,vlan_decap_safe,,5820.645423
1212,vlan_decap_safe,,5981.818439
1213,vlan_decap_safe,,6055.590904
1214,vlan_decap_safe,,5805.595307
1215,vlan_decap_safe,,5836.110839
1216,vlan_decap_safe,,5820.510704
1217,vlan_decap_safe,,5816.791456
1218,vlan_decap_safe,,5860.394958
1219,vlan_decap_safe,,6289.775494
1220,vlan_decap_safe,-f,5396.594043
1221,vlan_decap_safe,-f,5633.200492
1222,vlan_decap_safe,-f,5850.346827
1223,vlan_decap_safe,-f,5877.202523
1224,vlan_decap_safe,-f,6032.165104
1225,vlan_decap_safe,-f,5877.798263
1226,vlan_decap_safe,-f,5841.499085
1227,vlan_decap_safe,-f,5902.413160
1228,vlan_decap_safe,-f,5844.991572
1229,vlan_decap_safe,-f,5872.107118
1230,vlan_decap_safe,-f,5870.760419
1231,vlan_decap_safe,-f,5885.538345
1232,vlan_decap_safe,-f,6055.463673
1233,vlan_decap_safe,-f,5857.721820
1234,vlan_decap_safe,-f,5854.681463
1235,vlan_decap_safe,-f,5856.424072
1236,vlan_decap_safe,-f,5887.812083
1237,vlan_decap_safe,-f,5873.290827
1238,vlan_decap_safe,-f,5889.975633
1239,vlan_decap_safe,-f,5852.293995
1240,vlan_decap_safe,-i,3912.064272
1241,vlan_decap_safe,-i,3880.215061
1242,vlan_decap_safe,-i,3876.835843
1243,vlan_decap_safe,-i,3903.807498
1244,vlan_decap_safe,-i,3911.892161
1245,vlan_decap_safe,-i,3916.949218
1246,vlan_decap_safe,-i,3927.137598
1247,vlan_decap_safe,-i,3916.699047
1248,vlan_decap_safe,-i,3886.573644
1249,vlan_decap_safe,-i,3914.045060
1250,vlan_decap_safe,-i,3980.128909
1251,vlan_decap_safe,-i,3901.097860
1252,vlan_decap_safe,-i,3910.414953
1253,vlan_decap_safe,-i,3906.827585
1254,vlan_decap_safe,-i,3916.372158
1255,vlan_decap_safe,-i,3879.667851
1256,vlan_decap_safe,-i,3870.589339
1257,vlan_decap_safe,-i,3851.303355
1258,vlan_decap_safe,-i,3873.775735
1259,vlan_decap_safe,-i,3881.534928
1260,vlan_decap_safe,-n,5108.928460
1261,vlan_decap_safe,-n,5114.970145
1262,vlan_decap_safe,-n,5126.709634
1263,vlan_decap_safe,-n,5107.845031
1264,vlan_decap_safe,-n,5101.211446
1265,vlan_decap_safe,-n,5127.447644
1266,vlan_decap_safe,-n,5125.669696
1267,vlan_decap_safe,-n,5313.026168
1268,vlan_decap_safe,-n,5082.853584
1269,vlan_decap_safe,-n,5155.499707
1270,vlan_decap_safe,-n,5103.705715
1271,vlan_decap_safe,-n,5109.508530
1272,vlan_decap_safe,-n,5104.319115
1273,vlan_decap_safe,-n,5144.920038
1274,vlan_decap_safe,-n,5326.513055
1275,vlan_decap_safe,-n,5354.380991
1276,vlan_decap_safe,-n,5163.957781
1277,vlan_decap_safe,-n,5172.750514
1278,vlan_decap_safe,-n,5175.286852
1279,vlan_decap_safe,-n,5121.856078
1280,vlan_decap_safe,-d,882.302551
1281,vlan_decap_safe,-d,880.806573
1282,vlan_decap_safe,-d,887.865577
1283,vlan_decap_safe,-d,888.051936
1284,vlan_decap_safe,-d,879.420603
1285,vlan_decap_safe,-d,885.845627
1286,vlan_decap_safe,-d,889.188174
1287,vlan_decap_safe,-d,885.585619
1288,vlan_decap_safe,-d,888.316336
1289,vlan_decap_safe,-d,934.325326
1290,vlan_decap_safe,-d,884.773659
1291,vlan_decap_safe,-d,890.014964
1292,vlan_decap_safe,-d,906.496129
1293,vlan_decap_safe,-d,893.023921
1294,vlan_decap_safe,-d,885.898607
1295,vlan_decap_safe,-d,888.050216
1296,vlan_decap_safe,-d,884.803869
1297,vlan_decap_safe,-d,886.140238
1298,vlan_decap_safe,-d,903.772261
1299,vlan_decap_safe,-d,885.969339
1300,vlan_decap_safe,-f -i -n -d,200.040762
1301,vlan_decap_safe,-f -i -n -d,201.321920
1302,vlan_decap_safe,-f -i -n -d,200.794531
1303,vlan_decap_safe,-f -i -n -d,200.629790
1304,vlan_decap_safe,-f -i -n -d,199.753981
1305,vlan_decap_safe,-f -i -n -d,200.499850
1306,vlan_decap_safe,-f -i -n -d,202.551329
1307,vlan_decap_safe,-f -i -n -d,198.594651
1308,vlan_decap_safe,-f -i -n -d,200.614111
1309,vlan_decap_safe,-f -i -n -d,204.164877
1310,vlan_decap_safe,-f -i -n -d,202.658349
1311,vlan_decap_safe,-f -i -n -d,197.940273
1312,vlan_decap_safe,-f -i -n -d,199.837341
1313,vlan_decap_safe,-f -i -n -d,199.542861
1314,vlan_decap_safe,-f -i -n -d,200.962221
1315,vlan_decap_safe,-f -i -n -d,198.345592
1316,vlan_decap_safe,-f -i -n -d,196.475125
1317,vlan_decap_safe,-f -i -n -d,200.306300
1318,vlan_decap_safe,-f -i -n -d,198.285362
1319,vlan_decap_safe,-f -i -n -d,198.233862
1320,vlan_decap_unsafe,,5975.569594
1321,vlan_decap_unsafe,,6148.214762
1322,vlan_decap_unsafe,,5984.000697
1323,vlan_decap_unsafe,,5995.907196
1324,vlan_decap_unsafe,,5993.170050
1325,vlan_decap_unsafe,,5698.722183
1326,vlan_decap_unsafe,,5992.279100
1327,vlan_decap_unsafe,,6004.095700
1328,vlan_decap_unsafe,,5936.428831
1329,vlan_decap_unsafe,,6007.111548
1330,vlan_decap_unsafe,,6043.114404
1331,vlan_decap_unsafe,,6024.659531
1332,vlan_decap_unsafe,,6022.519414
1333,vlan_decap_unsafe,,5843.508123
1334,vlan_decap_unsafe,,6110.604844
1335,vlan_decap_unsafe,,6022.106883
1336,vlan_decap_unsafe,,5826.645177
1337,vlan_decap_unsafe,,5741.405055
1338,vlan_decap_unsafe,,6036.501181
1339,vlan_decap_unsafe,,6144.104215
1340,vlan_decap_unsafe,-f,5157.731337
1341,vlan_decap_unsafe,-f,5385.338092
1342,vlan_decap_unsafe,-f,5379.659448
1343,vlan_decap_unsafe,-f,5217.522854
1344,vlan_decap_unsafe,-f,5242.490061
1345,vlan_decap_unsafe,-f,5290.797878
1346,vlan_decap_unsafe,-f,5836.563709
1347,vlan_decap_unsafe,-f,5407.126854
1348,vlan_decap_unsafe,-f,5182.062075
1349,vlan_decap_unsafe,-f,5173.053543
1350,vlan_decap_unsafe,-f,5153.833479
1351,vlan_decap_unsafe,-f,5395.694084
1352,vlan_decap_unsafe,-f,5165.500830
1353,vlan_decap_unsafe,-f,5198.372930
1354,vlan_decap_unsafe,-f,5145.193868
1355,vlan_decap_unsafe,-f,5185.523392
1356,vlan_decap_unsafe,-f,5197.390241
1357,vlan_decap_unsafe,-f,5203.781605
1358,vlan_decap_unsafe,-f,5448.492817
1359,vlan_decap_unsafe,-f,5224.036457
1360,vlan_decap_unsafe,-i,4278.797072
1361,vlan_decap_unsafe,-i,4307.955766
1362,vlan_decap_unsafe,-i,4579.046836
1363,vlan_decap_unsafe,-i,4505.111285
1364,vlan_decap_unsafe,-i,3987.830024
1365,vlan_decap_unsafe,-i,3987.789874
1366,vlan_decap_unsafe,-i,3991.235550
1367,vlan_decap_unsafe,-i,3993.979168
1368,vlan_decap_unsafe,-i,4016.335027
1369,vlan_decap_unsafe,-i,3995.206057
1370,vlan_decap_unsafe,-i,4000.893879
1371,vlan_decap_unsafe,-i,4008.913305
1372,vlan_decap_unsafe,-i,3995.369455
1373,vlan_decap_unsafe,-i,4009.509863
1374,vlan_decap_unsafe,-i,4027.758567
1375,vlan_decap_unsafe,-i,3993.519668
1376,vlan_decap_unsafe,-i,3995.433666
1377,vlan_decap_unsafe,-i,3996.843547
1378,vlan_decap_unsafe,-i,3992.788009
1379,vlan_decap_unsafe,-i,4136.958060
1380,vlan_decap_unsafe,-n,4332.781103
1381,vlan_decap_unsafe,-n,4496.695628
1382,vlan_decap_unsafe,-n,4331.027366
1383,vlan_decap_unsafe,-n,4322.983814
1384,vlan_decap_unsafe,-n,4331.905796
1385,vlan_decap_unsafe,-n,4353.580436
1386,vlan_decap_unsafe,-n,4478.675334
1387,vlan_decap_unsafe,-n,4321.516985
1388,vlan_decap_unsafe,-n,4335.193983
1389,vlan_decap_unsafe,-n,4332.447805
1390,vlan_decap_unsafe,-n,4329.665788
1391,vlan_decap_unsafe,-n,4475.495689
1392,vlan_decap_unsafe,-n,4484.492089
1393,vlan_decap_unsafe,-n,4315.377088
1394,vlan_decap_unsafe,-n,4481.097571
1395,vlan_decap_unsafe,-n,4304.979490
1396,vlan_decap_unsafe,-n,4474.606907
1397,vlan_decap_unsafe,-n,4326.841100
1398,vlan_decap_unsafe,-n,4346.492761
1399,vlan_decap_unsafe,-n,4325.515131
1400,vlan_decap_unsafe,-d,441.048826
1401,vlan_decap_unsafe,-d,439.090477
1402,vlan_decap_unsafe,-d,448.353849
1403,vlan_decap_unsafe,-d,442.853234
1404,vlan_decap_unsafe,-d,434.735091
1405,vlan_decap_unsafe,-d,448.472249
1406,vlan_decap_unsafe,-d,449.136249
1407,vlan_decap_unsafe,-d,439.258855
1408,vlan_decap_unsafe,-d,434.484610
1409,vlan_decap_unsafe,-d,435.002051
1410,vlan_decap_unsafe,-d,434.983191
1411,vlan_decap_unsafe,-d,437.743000
1412,vlan_decap_unsafe,-d,442.108726
1413,vlan_decap_unsafe,-d,439.459107
1414,vlan_decap_unsafe,-d,440.514965
1415,vlan_decap_unsafe,-d,436.030301
1416,vlan_decap_unsafe,-d,440.354117
1417,vlan_decap_unsafe,-d,435.315320
1418,vlan_decap_unsafe,-d,439.819376
1419,vlan_decap_unsafe,-d,437.740278
1420,vlan_decap_unsafe,-f -i -n -d,179.949379
1421,vlan_decap_unsafe,-f -i -n -d,178.966229
1422,vlan_decap_unsafe,-f -i -n -d,180.450839
1423,vlan_decap_unsafe,-f -i -n -d,180.770468
1424,vlan_decap_unsafe,-f -i -n -d,177.720701
1425,vlan_decap_unsafe,-f -i -n -d,181.700318
1426,vlan_decap_unsafe,-f -i -n -d,179.442790
1427,vlan_decap_unsafe,-f -i -n -d,181.460528
1428,vlan_decap_unsafe,-f -i -n -d,183.547286
1429,vlan_decap_unsafe,-f -i -n -d,177.938830
1430,vlan_decap_unsafe,-f -i -n -d,180.775878
1431,vlan_decap_unsafe,-f -i -n -d,178.687272
1432,vlan_decap_unsafe,-f -i -n -d,183.880316
1433,vlan_decap_unsafe,-f -i -n -d,179.893119
1434,vlan_decap_unsafe,-f -i -n -d,181.791688
1435,vlan_decap_unsafe,-f -i -n -d,179.192189
1436,vlan_decap_unsafe,-f -i -n -d,180.314708
1437,vlan_decap_unsafe,-f -i -n -d,179.657289
1438,vlan_decap_unsafe,-f -i -n -d,180.790118
1439,vlan_decap_unsafe,-f -i -n -d,178.752019